Time,Thrust (N),Thrust (lbf),N2O Mass Flow Rate (kg/s),N2O Mass (kg),Ethanol Mass Flow Rate (kg/s),Ethanol Mass (kg),TWR,OFR,N2O Pressure (psi),Ethanol Pressure (psi),Nitrous Phase
0,0,0,0.16481,6.2,0.4431,1.6,0,0.37195,900.3192,900.3192,liquid
0.01,919.86283,206.8037,0.85324,6.1915,0.4431,1.5956,1.8755,1.9256,899.9475,899.1174,liquid
0.02,1909.8419,429.3709,0.90465,6.1824,0.45107,1.5911,3.8949,2.0055,899.5534,897.8973,liquid
0.03,2016.4634,453.3416,0.92746,6.1731,0.43576,1.5867,4.1135,2.1284,899.1494,896.7217,liquid
0.04,2100.0053,472.1235,0.94337,6.1637,0.41876,1.5825,4.2851,2.2528,898.7384,895.5949,liquid
0.05,2166.3746,487.0447,0.95443,6.1542,0.40022,1.5785,4.4217,2.3848,898.3226,894.5206,liquid
0.06,2197.0307,493.9368,0.95955,6.1446,0.3819,1.5747,4.4855,2.5126,897.9046,893.4979,liquid
0.07,2206.5873,496.0853,0.95938,6.135,0.36333,1.5711,4.5062,2.6405,897.4867,892.5271,liquid
0.08,2209.2341,496.6803,0.95416,6.1254,0.34528,1.5676,4.5128,2.7634,897.071,891.6064,liquid
0.09,2195.9775,493.7,0.94333,6.116,0.32626,1.5643,4.4868,2.8913,896.66,890.7382,liquid
0.1,2156.5793,484.8425,0.92885,6.1067,0.30907,1.5613,4.4074,3.0054,896.2554,889.9174,liquid
0.11,2143.0595,481.8029,0.93277,6.0974,0.31262,1.5581,4.3809,2.9837,895.849,889.0886,liquid
0.12,2148.7956,483.0925,0.93158,6.0881,0.31153,1.555,4.3937,2.9904,895.4432,888.2643,liquid
0.13,2147.0012,482.6891,0.93182,6.0788,0.31193,1.5519,4.3911,2.9873,895.0373,887.4404,liquid
0.14,2147.2945,482.7551,0.93155,6.0694,0.31187,1.5488,4.3928,2.987,894.6315,886.6182,liquid
0.15,2146.8181,482.6479,0.9314,6.0601,0.31196,1.5457,4.3929,2.9856,894.2257,885.7973,liquid
0.16,2146.5193,482.5808,0.9312,6.0508,0.312,1.5425,4.3934,2.9846,893.82,884.9778,liquid
0.17,2146.1286,482.4929,0.93102,6.0415,0.31206,1.5394,4.3937,2.9834,893.4144,884.1597,liquid
0.18,2145.7433,482.4063,0.93082,6.0322,0.31211,1.5363,4.394,2.9824,893.0089,883.343,liquid
0.19,2145.3391,482.3155,0.93063,6.0229,0.31215,1.5332,4.3943,2.9813,892.6035,882.5276,liquid
0.2,2144.9267,482.2227,0.93043,6.0136,0.3122,1.53,4.3945,2.9803,892.1982,881.7137,liquid
0.21,2144.5043,482.1278,0.93023,6.0043,0.31224,1.5269,4.3948,2.9793,891.793,880.9011,liquid
0.22,2144.0733,482.0309,0.93004,5.995,0.31227,1.5238,4.395,2.9783,891.3878,880.0899,liquid
0.23,2143.6338,481.9321,0.92984,5.9857,0.31231,1.5207,4.3952,2.9773,890.9827,879.2802,liquid
0.24,2143.1861,481.8314,0.92965,5.9764,0.31234,1.5176,4.3954,2.9764,890.5777,878.4718,liquid
0.25,2142.7304,481.729,0.92945,5.9671,0.31236,1.5144,4.3955,2.9756,890.1728,877.6649,liquid
0.26,2142.2667,481.6247,0.92926,5.9578,0.31239,1.5113,4.3957,2.9747,889.768,876.8594,liquid
0.27,2141.7954,481.5187,0.92906,5.9485,0.31241,1.5082,4.3958,2.9739,889.3633,876.0553,liquid
0.28,2141.3164,481.4111,0.92887,5.9392,0.31243,1.5051,4.3959,2.9731,888.9586,875.2526,liquid
0.29,2140.83,481.3017,0.92867,5.9299,0.31244,1.5019,4.396,2.9723,888.5541,874.4514,liquid
0.3,2140.3362,481.1907,0.92848,5.9206,0.31245,1.4988,4.3961,2.9716,888.1496,873.6516,liquid
0.31,2139.8351,481.078,0.92829,5.9114,0.31246,1.4957,4.3962,2.9709,887.7452,872.8532,liquid
0.32,2139.327,480.9638,0.92809,5.9021,0.31247,1.4926,4.3962,2.9702,887.3409,872.0563,liquid
0.33,2138.8118,480.848,0.9279,5.8928,0.31248,1.4894,4.3963,2.9695,886.9366,871.2608,liquid
0.34,2138.2897,480.7306,0.9277,5.8835,0.31248,1.4863,4.3963,2.9689,886.5325,870.4668,liquid
0.35,2137.7608,480.6117,0.92751,5.8743,0.31248,1.4832,4.3963,2.9683,886.1284,869.6742,liquid
0.36,2137.2252,480.4913,0.92732,5.865,0.31247,1.4801,4.3963,2.9677,885.7245,868.8831,liquid
0.37,2136.6831,480.3694,0.92712,5.8557,0.31247,1.4769,4.3963,2.9671,885.3206,868.0934,liquid
0.38,2136.1344,480.246,0.92693,5.8464,0.31246,1.4738,4.3962,2.9666,884.9168,867.3052,liquid
0.39,2135.5793,480.1212,0.92674,5.8372,0.31245,1.4707,4.3962,2.9661,884.513,866.5184,liquid
0.4,2135.0179,479.995,0.92654,5.8279,0.31243,1.4676,4.3961,2.9656,884.1094,865.7331,liquid
0.41,2134.4503,479.8674,0.92635,5.8186,0.31242,1.4644,4.3961,2.9651,883.7058,864.9493,liquid
0.42,2133.8766,479.7384,0.92616,5.8094,0.3124,1.4613,4.396,2.9646,883.3024,864.1669,liquid
0.43,2133.2968,479.6081,0.92596,5.8001,0.31238,1.4582,4.3959,2.9642,882.899,863.3859,liquid
0.44,2132.7111,479.4764,0.92577,5.7909,0.31236,1.4551,4.3958,2.9638,882.4957,862.6065,liquid
0.45,2132.1195,479.3434,0.92558,5.7816,0.31233,1.4519,4.3957,2.9634,882.0925,861.8285,liquid
0.46,2131.5222,479.2091,0.92539,5.7724,0.31231,1.4488,4.3955,2.9631,881.6893,861.052,liquid
0.47,2130.9191,479.0735,0.92519,5.7631,0.31228,1.4457,4.3954,2.9627,881.2863,860.2769,liquid
0.48,2130.3104,478.9367,0.925,5.7539,0.31225,1.4426,4.3952,2.9624,880.8833,859.5034,liquid
0.49,2129.6962,478.7986,0.92481,5.7446,0.31221,1.4395,4.3951,2.9621,880.4804,858.7312,liquid
0.5,2129.0765,478.6593,0.92462,5.7354,0.31218,1.4363,4.3949,2.9618,880.0776,857.9606,liquid
0.51,2128.4514,478.5188,0.92442,5.7261,0.31214,1.4332,4.3947,2.9616,879.6749,857.1915,liquid
0.52,2127.8211,478.377,0.92423,5.7169,0.3121,1.4301,4.3945,2.9613,879.2723,856.4238,liquid
0.53,2127.1855,478.2341,0.92404,5.7076,0.31206,1.427,4.3943,2.9611,878.8698,855.6576,liquid
0.54,2126.5447,478.0901,0.92385,5.6984,0.31202,1.4239,4.3941,2.9609,878.4673,854.8928,liquid
0.55,2125.8989,477.9449,0.92366,5.6892,0.31197,1.4207,4.3938,2.9607,878.0649,854.1296,liquid
0.56,2125.248,477.7986,0.92346,5.6799,0.31193,1.4176,4.3936,2.9605,877.6626,853.3678,liquid
0.57,2124.5922,477.6511,0.92327,5.6707,0.31188,1.4145,4.3933,2.9604,877.2604,852.6075,liquid
0.58,2123.9316,477.5026,0.92308,5.6615,0.31183,1.4114,4.3931,2.9602,876.8583,851.8486,liquid
0.59,2123.2661,477.353,0.92289,5.6522,0.31178,1.4083,4.3928,2.9601,876.4562,851.0913,liquid
0.6,2122.5959,477.2023,0.9227,5.643,0.31172,1.4051,4.3925,2.96,876.0543,850.3354,liquid
0.61,2121.9211,477.0506,0.9225,5.6338,0.31167,1.402,4.3922,2.9599,875.6524,849.581,liquid
0.62,2121.2417,476.8979,0.92231,5.6246,0.31161,1.3989,4.3919,2.9598,875.2506,848.8281,liquid
0.63,2120.5577,476.7441,0.92212,5.6153,0.31155,1.3958,4.3916,2.9598,874.8489,848.0766,liquid
0.64,2119.8693,476.5893,0.92193,5.6061,0.31149,1.3927,4.3912,2.9598,874.4473,847.3266,liquid
0.65,2119.1765,476.4336,0.92174,5.5969,0.31143,1.3896,4.3909,2.9597,874.0457,846.5781,liquid
0.66,2118.4793,476.2768,0.92155,5.5877,0.31136,1.3864,4.3906,2.9597,873.6442,845.8311,liquid
0.67,2117.7779,476.1191,0.92135,5.5785,0.3113,1.3833,4.3902,2.9597,873.2429,845.0855,liquid
0.68,2117.0722,475.9605,0.92116,5.5693,0.31123,1.3802,4.3898,2.9598,872.8416,844.3415,liquid
0.69,2116.3625,475.8009,0.92097,5.56,0.31116,1.3771,4.3895,2.9598,872.4404,843.5989,liquid
0.7,2115.6486,475.6404,0.92078,5.5508,0.31109,1.374,4.3891,2.9598,872.0392,842.8577,liquid
0.71,2114.9307,475.479,0.92059,5.5416,0.31102,1.3709,4.3887,2.9599,871.6382,842.1181,liquid
0.72,2114.2089,475.3167,0.9204,5.5324,0.31095,1.3678,4.3883,2.96,871.2372,841.3799,liquid
0.73,2113.4831,475.1536,0.92021,5.5232,0.31087,1.3647,4.3879,2.9601,870.8364,840.6431,liquid
0.74,2112.7535,474.9895,0.92001,5.514,0.3108,1.3616,4.3875,2.9602,870.4356,839.9079,liquid
0.75,2112.0201,474.8247,0.91982,5.5048,0.31072,1.3585,4.3871,2.9603,870.0349,839.1741,liquid
0.76,2111.283,474.6589,0.91963,5.4956,0.31064,1.3554,4.3866,2.9604,869.6342,838.4418,liquid
0.77,2110.5421,474.4924,0.91944,5.4864,0.31056,1.3522,4.3862,2.9606,869.2337,837.7109,liquid
0.78,2109.7977,474.325,0.91925,5.4772,0.31048,1.3491,4.3857,2.9607,868.8332,836.9815,liquid
0.79,2109.0497,474.1569,0.91906,5.4681,0.3104,1.346,4.3853,2.9609,868.4328,836.2536,liquid
0.8,2108.2982,473.9879,0.91887,5.4589,0.31031,1.3429,4.3848,2.9611,868.0326,835.5271,liquid
0.81,2107.5432,473.8182,0.91867,5.4497,0.31023,1.3398,4.3843,2.9613,867.6323,834.8021,liquid
0.82,2106.7848,473.6477,0.91848,5.4405,0.31014,1.3367,4.3839,2.9615,867.2322,834.0786,liquid
0.83,2106.0231,473.4764,0.91829,5.4313,0.31005,1.3336,4.3834,2.9617,866.8322,833.3565,liquid
0.84,2105.258,473.3044,0.9181,5.4221,0.30996,1.3305,4.3829,2.9619,866.4322,832.6358,liquid
0.85,2104.4897,473.1317,0.91791,5.413,0.30988,1.3274,4.3824,2.9622,866.0323,831.9166,liquid
0.86,2103.7182,472.9582,0.91772,5.4038,0.30978,1.3243,4.3819,2.9624,865.6325,831.1989,liquid
0.87,2102.9436,472.7841,0.91752,5.3946,0.30969,1.3212,4.3814,2.9627,865.2328,830.4826,liquid
0.88,2102.1658,472.6092,0.91733,5.3854,0.3096,1.3181,4.3808,2.963,864.8332,829.7678,liquid
0.89,2101.385,472.4337,0.91714,5.3763,0.3095,1.315,4.3803,2.9633,864.4337,829.0544,liquid
0.9,2100.6011,472.2574,0.91695,5.3671,0.30941,1.312,4.3798,2.9636,864.0342,828.3424,liquid
0.91,2099.8143,472.0806,0.91676,5.3579,0.30931,1.3089,4.3792,2.9639,863.6348,827.6319,liquid
0.92,2099.0246,471.903,0.91657,5.3488,0.30922,1.3058,4.3787,2.9642,863.2355,826.9229,liquid
0.93,2098.232,471.7248,0.91638,5.3396,0.30912,1.3027,4.3781,2.9645,862.8363,826.2153,liquid
0.94,2097.4365,471.546,0.91618,5.3304,0.30902,1.2996,4.3775,2.9648,862.4372,825.5091,liquid
0.95,2096.6383,471.3665,0.91599,5.3213,0.30892,1.2965,4.377,2.9652,862.0382,824.8043,liquid
0.96,2095.8374,471.1865,0.9158,5.3121,0.30882,1.2934,4.3764,2.9655,861.6392,824.101,liquid
0.97,2095.0337,471.0058,0.91561,5.303,0.30871,1.2903,4.3758,2.9659,861.2403,823.3991,liquid
0.98,2094.2274,470.8245,0.91542,5.2938,0.30861,1.2872,4.3752,2.9663,860.8416,822.6987,liquid
0.99,2093.4185,470.6426,0.91522,5.2846,0.30851,1.2841,4.3746,2.9666,860.4428,821.9996,liquid
1,2092.607,470.4602,0.91503,5.2755,0.3084,1.2811,4.374,2.967,860.0442,821.302,liquid
1.01,2091.7929,470.2772,0.91484,5.2663,0.30829,1.278,4.3734,2.9674,859.6457,820.6059,liquid
1.02,2090.9764,470.0936,0.91465,5.2572,0.30819,1.2749,4.3728,2.9678,859.2472,819.9111,liquid
1.03,2090.1574,469.9095,0.91446,5.2481,0.30808,1.2718,4.3722,2.9682,858.8489,819.2178,liquid
1.04,2089.336,469.7248,0.91426,5.2389,0.30797,1.2687,4.3716,2.9687,858.4506,818.5258,liquid
1.05,2088.5123,469.5396,0.91407,5.2298,0.30786,1.2657,4.371,2.9691,858.0524,817.8353,liquid
1.06,2087.6861,469.3539,0.91388,5.2206,0.30775,1.2626,4.3703,2.9695,857.6542,817.1462,liquid
1.07,2086.8577,469.1677,0.91369,5.2115,0.30764,1.2595,4.3697,2.97,857.2562,816.4585,liquid
1.08,2086.0271,468.9809,0.9135,5.2024,0.30753,1.2564,4.369,2.9704,856.8582,815.7722,liquid
1.09,2085.1941,468.7936,0.9133,5.1932,0.30742,1.2534,4.3684,2.9709,856.4604,815.0873,liquid
1.1,2084.359,468.6059,0.91311,5.1841,0.3073,1.2503,4.3677,2.9714,856.0626,814.4038,liquid
1.11,2083.5218,468.4177,0.91292,5.175,0.30719,1.2472,4.3671,2.9718,855.6649,813.7217,liquid
1.12,2082.6824,468.229,0.91273,5.1658,0.30708,1.2441,4.3664,2.9723,855.2673,813.041,liquid
1.13,2081.8409,468.0398,0.91253,5.1567,0.30696,1.2411,4.3657,2.9728,854.8697,812.3617,liquid
1.14,2080.9974,467.8501,0.91234,5.1476,0.30684,1.238,4.3651,2.9733,854.4723,811.6838,liquid
1.15,2080.1518,467.66,0.91215,5.1385,0.30673,1.2349,4.3644,2.9738,854.0749,811.0073,liquid
1.16,2079.3043,467.4695,0.91196,5.1294,0.30661,1.2319,4.3637,2.9743,853.6776,810.3322,liquid
1.17,2078.4548,467.2785,0.91176,5.1202,0.30649,1.2288,4.363,2.9748,853.2804,809.6584,liquid
1.18,2077.6033,467.0871,0.91157,5.1111,0.30637,1.2257,4.3623,2.9754,852.8833,808.986,liquid
1.19,2076.75,466.8952,0.91138,5.102,0.30625,1.2227,4.3616,2.9759,852.4863,808.315,liquid
1.2,2075.8948,466.703,0.91118,5.0929,0.30613,1.2196,4.3609,2.9764,852.0893,807.6454,liquid
1.21,2075.0377,466.5103,0.91099,5.0838,0.30601,1.2166,4.3602,2.977,851.6925,806.9771,liquid
1.22,2074.1789,466.3172,0.9108,5.0747,0.30589,1.2135,4.3595,2.9775,851.2957,806.3102,liquid
1.23,2073.3183,466.1237,0.9106,5.0656,0.30577,1.2104,4.3588,2.9781,850.899,805.6447,liquid
1.24,2072.4559,465.9298,0.91041,5.0565,0.30565,1.2074,4.3581,2.9786,850.5024,804.9806,liquid
1.25,2071.5918,465.7356,0.91022,5.0474,0.30553,1.2043,4.3573,2.9792,850.1059,804.3178,liquid
1.26,2070.726,465.5409,0.91002,5.0383,0.3054,1.2013,4.3566,2.9797,849.7094,803.6563,liquid
1.27,2069.8586,465.3459,0.90983,5.0292,0.30528,1.1982,4.3559,2.9803,849.3131,802.9962,liquid
1.28,2068.9895,465.1505,0.90964,5.0201,0.30516,1.1952,4.3551,2.9809,848.9168,802.3375,liquid
1.29,2068.1188,464.9548,0.90944,5.011,0.30503,1.1921,4.3544,2.9815,848.5206,801.6801,liquid
1.3,2067.2465,464.7587,0.90925,5.0019,0.30491,1.1891,4.3536,2.9821,848.1245,801.0241,liquid
1.31,2066.3726,464.5622,0.90906,4.9928,0.30478,1.186,4.3529,2.9827,847.7285,800.3694,liquid
1.32,2065.4973,464.3654,0.90886,4.9837,0.30465,1.183,4.3521,2.9833,847.3325,799.716,liquid
1.33,2064.6204,464.1682,0.90867,4.9746,0.30453,1.1799,4.3514,2.9839,846.9367,799.064,liquid
1.34,2063.742,463.9708,0.90847,4.9655,0.3044,1.1769,4.3506,2.9845,846.5409,798.4133,liquid
1.35,2062.8621,463.773,0.90828,4.9564,0.30427,1.1738,4.3498,2.9851,846.1452,797.7639,liquid
1.36,2061.9809,463.5748,0.90809,4.9474,0.30414,1.1708,4.3491,2.9857,845.7497,797.1159,liquid
1.37,2061.0982,463.3764,0.90789,4.9383,0.30402,1.1678,4.3483,2.9863,845.3541,796.4692,liquid
1.38,2060.2141,463.1776,0.9077,4.9292,0.30389,1.1647,4.3475,2.987,844.9587,795.8238,liquid
1.39,2059.3286,462.9786,0.9075,4.9201,0.30376,1.1617,4.3468,2.9876,844.5634,795.1798,liquid
1.4,2058.4419,462.7792,0.90731,4.9111,0.30363,1.1587,4.346,2.9882,844.1681,794.537,liquid
1.41,2057.5537,462.5795,0.90711,4.902,0.3035,1.1556,4.3452,2.9889,843.7729,793.8956,liquid
1.42,2056.6643,462.3796,0.90692,4.8929,0.30337,1.1526,4.3444,2.9895,843.3778,793.2555,liquid
1.43,2055.7736,462.1793,0.90672,4.8839,0.30324,1.1496,4.3436,2.9902,842.9828,792.6166,liquid
1.44,2054.8817,461.9788,0.90653,4.8748,0.3031,1.1465,4.3428,2.9908,842.5879,791.9791,liquid
1.45,2053.9885,461.778,0.90634,4.8657,0.30297,1.1435,4.342,2.9915,842.1931,791.3429,liquid
1.46,2053.094,461.5769,0.90614,4.8567,0.30284,1.1405,4.3412,2.9921,841.7983,790.708,liquid
1.47,2052.1984,461.3755,0.90594,4.8476,0.30271,1.1374,4.3404,2.9928,841.4037,790.0744,liquid
1.48,2051.3016,461.1739,0.90575,4.8385,0.30258,1.1344,4.3396,2.9935,841.0091,789.4421,liquid
1.49,2050.4037,460.9721,0.90555,4.8295,0.30244,1.1314,4.3388,2.9941,840.6146,788.811,liquid
1.5,2049.5046,460.7699,0.90536,4.8204,0.30231,1.1284,4.338,2.9948,840.2202,788.1813,liquid
1.51,2048.6044,460.5675,0.90516,4.8114,0.30218,1.1253,4.3371,2.9955,839.8259,787.5528,liquid
1.52,2047.7031,460.3649,0.90497,4.8023,0.30204,1.1223,4.3363,2.9962,839.4316,786.9256,liquid
1.53,2046.8007,460.162,0.90477,4.7933,0.30191,1.1193,4.3355,2.9968,839.0375,786.2997,liquid
1.54,2045.8972,459.9589,0.90458,4.7842,0.30177,1.1163,4.3347,2.9975,838.6434,785.675,liquid
1.55,2044.9927,459.7556,0.90438,4.7752,0.30164,1.1133,4.3338,2.9982,838.2494,785.0517,liquid
1.56,2044.0872,459.552,0.90418,4.7662,0.3015,1.1103,4.333,2.9989,837.8555,784.4296,liquid
1.57,2043.1806,459.3482,0.90399,4.7571,0.30137,1.1072,4.3322,2.9996,837.4617,783.8087,liquid
1.58,2042.2731,459.1441,0.90379,4.7481,0.30123,1.1042,4.3313,3.0003,837.068,783.1891,liquid
1.59,2041.3645,458.9399,0.9036,4.739,0.3011,1.1012,4.3305,3.001,836.6743,782.5708,liquid
1.6,2040.455,458.7354,0.9034,4.73,0.30096,1.0982,4.3296,3.0017,836.2808,781.9537,liquid
1.61,2039.5446,458.5307,0.9032,4.721,0.30082,1.0952,4.3288,3.0024,835.8873,781.3379,liquid
1.62,2038.6332,458.3258,0.90301,4.7119,0.30069,1.0922,4.3279,3.0031,835.4939,780.7234,liquid
1.63,2037.721,458.1207,0.90281,4.7029,0.30055,1.0892,4.3271,3.0038,835.1006,780.11,liquid
1.64,2036.8078,457.9154,0.90261,4.6939,0.30041,1.0862,4.3262,3.0046,834.7074,779.4979,liquid
1.65,2035.8937,457.7099,0.90242,4.6849,0.30028,1.0832,4.3254,3.0053,834.3143,778.8871,liquid
1.66,2034.9788,457.5042,0.90222,4.6758,0.30014,1.0802,4.3245,3.006,833.9213,778.2775,liquid
1.67,2034.063,457.2983,0.90202,4.6668,0.3,1.0772,4.3236,3.0067,833.5283,777.6691,liquid
1.68,2033.1463,457.0923,0.90182,4.6578,0.29986,1.0742,4.3228,3.0074,833.1354,777.062,liquid
1.69,2032.2289,456.886,0.90163,4.6488,0.29973,1.0712,4.3219,3.0082,832.7427,776.456,liquid
1.7,2031.3106,456.6795,0.90143,4.6398,0.29959,1.0682,4.321,3.0089,832.35,775.8513,liquid
1.71,2030.3915,456.4729,0.90123,4.6308,0.29945,1.0652,4.3202,3.0096,831.9573,775.2479,liquid
1.72,2029.4717,456.2661,0.90103,4.6218,0.29931,1.0622,4.3193,3.0104,831.5648,774.6456,liquid
1.73,2028.5511,456.0591,0.90084,4.6127,0.29917,1.0592,4.3184,3.0111,831.1724,774.0446,liquid
1.74,2027.6297,455.852,0.90064,4.6037,0.29903,1.0562,4.3175,3.0118,830.78,773.4447,liquid
1.75,2026.7076,455.6447,0.90044,4.5947,0.29889,1.0532,4.3166,3.0126,830.3878,772.8461,liquid
1.76,2025.7847,455.4372,0.90024,4.5857,0.29875,1.0502,4.3158,3.0133,829.9956,772.2487,liquid
1.77,2024.8611,455.2296,0.90005,4.5767,0.29861,1.0473,4.3149,3.0141,829.6035,771.6524,liquid
1.78,2023.9369,455.0218,0.89985,4.5677,0.29848,1.0443,4.314,3.0148,829.2115,771.0574,liquid
1.79,2023.0119,454.8138,0.89965,4.5587,0.29834,1.0413,4.3131,3.0156,828.8196,770.4636,liquid
1.8,2022.0862,454.6057,0.89945,4.5497,0.2982,1.0383,4.3122,3.0163,828.4277,769.8709,liquid
1.81,2021.1599,454.3975,0.89925,4.5408,0.29806,1.0353,4.3113,3.0171,828.036,769.2795,liquid
1.82,2020.2329,454.1891,0.89905,4.5318,0.29792,1.0323,4.3104,3.0178,827.6443,768.6892,liquid
1.83,2019.3053,453.9805,0.89885,4.5228,0.29778,1.0294,4.3095,3.0186,827.2527,768.1001,liquid
1.84,2018.377,453.7718,0.89866,4.5138,0.29763,1.0264,4.3086,3.0193,826.8612,767.5122,liquid
1.85,2017.4482,453.563,0.89846,4.5048,0.29749,1.0234,4.3077,3.0201,826.4698,766.9255,liquid
1.86,2016.5187,453.354,0.89826,4.4958,0.29735,1.0204,4.3068,3.0208,826.0785,766.34,liquid
1.87,2015.5886,453.1449,0.89806,4.4868,0.29721,1.0175,4.3059,3.0216,825.6873,765.7556,liquid
1.88,2014.6579,452.9357,0.89786,4.4779,0.29707,1.0145,4.305,3.0224,825.2962,765.1724,liquid
1.89,2013.7266,452.7263,0.89766,4.4689,0.29693,1.0115,4.304,3.0231,824.9051,764.5903,liquid
1.9,2012.7948,452.5168,0.89746,4.4599,0.29679,1.0086,4.3031,3.0239,824.5141,764.0094,liquid
1.91,2011.8624,452.3072,0.89726,4.4509,0.29665,1.0056,4.3022,3.0247,824.1233,763.4297,liquid
1.92,2010.9294,452.0974,0.89706,4.442,0.29651,1.0026,4.3013,3.0254,823.7325,762.8511,liquid
1.93,2009.996,451.8876,0.89686,4.433,0.29637,0.99966,4.3004,3.0262,823.3418,762.2737,liquid
1.94,2009.0619,451.6776,0.89666,4.424,0.29623,0.9967,4.2994,3.027,822.9511,761.6974,liquid
1.95,2008.1274,451.4675,0.89646,4.4151,0.29608,0.99374,4.2985,3.0277,822.5606,761.1222,liquid
1.96,2007.1924,451.2573,0.89626,4.4061,0.29594,0.99078,4.2976,3.0285,822.1702,760.5482,liquid
1.97,2006.2568,451.0469,0.89606,4.3971,0.2958,0.98782,4.2967,3.0293,821.7798,759.9754,liquid
1.98,2005.3208,450.8365,0.89586,4.3882,0.29566,0.98487,4.2957,3.03,821.3895,759.4037,liquid
1.99,2004.3843,450.626,0.89566,4.3792,0.29552,0.98191,4.2948,3.0308,820.9993,758.8331,liquid
2,2003.4473,450.4153,0.89546,4.3703,0.29538,0.97896,4.2939,3.0316,820.6092,758.2636,liquid
2.01,2002.5099,450.2046,0.89526,4.3613,0.29523,0.976,4.2929,3.0324,820.2192,757.6953,liquid
2.02,2001.572,449.9937,0.89506,4.3524,0.29509,0.97305,4.292,3.0331,819.8293,757.1281,liquid
2.03,2000.6336,449.7827,0.89486,4.3434,0.29495,0.9701,4.2911,3.0339,819.4395,756.562,liquid
2.04,1999.6948,449.5717,0.89465,4.3345,0.29481,0.96716,4.2901,3.0347,819.0497,755.997,liquid
2.05,1998.7556,449.3605,0.89445,4.3255,0.29467,0.96421,4.2892,3.0355,818.6601,755.4332,liquid
2.06,1997.816,449.1493,0.89425,4.3166,0.29452,0.96126,4.2882,3.0363,818.2705,754.8704,liquid
2.07,1996.8759,448.9379,0.89405,4.3076,0.29438,0.95832,4.2873,3.037,817.881,754.3088,liquid
2.08,1995.9355,448.7265,0.89385,4.2987,0.29424,0.95538,4.2863,3.0378,817.4916,753.7483,liquid
2.09,1994.9946,448.515,0.89365,4.2898,0.2941,0.95244,4.2854,3.0386,817.1023,753.1889,liquid
2.1,1994.0534,448.3034,0.89345,4.2808,0.29396,0.9495,4.2844,3.0394,816.7131,752.6305,liquid
2.11,1993.1118,448.0917,0.89324,4.2719,0.29381,0.94656,4.2835,3.0402,816.324,752.0733,liquid
2.12,1992.1698,447.8799,0.89304,4.263,0.29367,0.94362,4.2825,3.041,815.9349,751.5172,liquid
2.13,1991.2274,447.668,0.89284,4.254,0.29353,0.94069,4.2816,3.0417,815.546,750.9621,liquid
2.14,1990.2847,447.4561,0.89264,4.2451,0.29339,0.93775,4.2806,3.0425,815.1571,750.4082,liquid
2.15,1989.3416,447.2441,0.89244,4.2362,0.29324,0.93482,4.2797,3.0433,814.7683,749.8553,liquid
2.16,1988.3982,447.032,0.89223,4.2273,0.2931,0.93189,4.2787,3.0441,814.3796,749.3035,liquid
2.17,1987.4545,446.8198,0.89203,4.2184,0.29296,0.92896,4.2777,3.0449,813.991,748.7528,liquid
2.18,1986.5104,446.6076,0.89183,4.2094,0.29282,0.92603,4.2768,3.0457,813.6025,748.2032,liquid
2.19,1985.566,446.3952,0.89162,4.2005,0.29267,0.92311,4.2758,3.0465,813.2141,747.6546,liquid
2.2,1984.6213,446.1828,0.89142,4.1916,0.29253,0.92018,4.2748,3.0473,812.8258,747.1071,liquid
2.21,1983.6763,445.9704,0.89122,4.1827,0.29239,0.91726,4.2739,3.048,812.4375,746.5607,liquid
2.22,1982.7309,445.7579,0.89102,4.1738,0.29225,0.91433,4.2729,3.0488,812.0493,746.0153,liquid
2.23,1981.7853,445.5453,0.89081,4.1649,0.29211,0.91141,4.2719,3.0496,811.6613,745.471,liquid
2.24,1989.2359,447.2203,0.89061,4.156,0.29196,0.90849,4.2891,3.0504,811.2733,744.9278,liquid
2.25,1996.5227,448.8585,0.89034,4.1471,0.29175,0.90558,4.3059,3.0518,810.8854,744.3857,liquid
2.26,1995.259,448.5744,0.89007,4.1382,0.29153,0.90266,4.3042,3.0531,810.4977,743.8449,liquid
2.27,1994.0053,448.2926,0.88981,4.1293,0.29132,0.89975,4.3026,3.0544,810.11,743.3052,liquid
2.28,1992.7521,448.0108,0.88954,4.1204,0.29111,0.89684,4.3009,3.0557,809.7225,742.7667,liquid
2.29,1991.4988,447.7291,0.88927,4.1115,0.2909,0.89393,4.2993,3.057,809.3351,742.2293,liquid
2.3,1990.2451,447.4472,0.88901,4.1026,0.29068,0.89102,4.2977,3.0583,808.9478,741.6932,liquid
2.31,1988.9906,447.1651,0.88874,4.0937,0.29047,0.88812,4.296,3.0597,808.5607,741.1582,liquid
2.32,1987.7353,446.8829,0.88847,4.0848,0.29026,0.88521,4.2944,3.061,808.1736,740.6243,liquid
2.33,1986.5567,446.618,0.88824,4.0759,0.29008,0.88231,4.2929,3.062,807.7867,740.0916,liquid
2.34,1985.5678,446.3956,0.88805,4.0671,0.28996,0.87941,4.2919,3.0627,807.3998,739.5598,liquid
2.35,1984.6371,446.1864,0.88784,4.0582,0.28981,0.87651,4.2909,3.0636,807.013,739.0291,liquid
2.36,1983.6757,445.9703,0.88764,4.0493,0.28967,0.87362,4.2899,3.0643,806.6263,738.4994,liquid
2.37,1982.7266,445.7569,0.88743,4.0404,0.28952,0.87072,4.2889,3.0651,806.2397,737.9707,liquid
2.38,1981.7707,445.542,0.88723,4.0316,0.28938,0.86783,4.2879,3.0659,805.8532,737.443,liquid
2.39,1980.8174,445.3276,0.88702,4.0227,0.28924,0.86494,4.2869,3.0667,805.4668,736.9164,liquid
2.4,1979.8624,445.113,0.88682,4.0138,0.2891,0.86205,4.2859,3.0675,805.0805,736.3907,liquid
2.41,1978.9078,444.8983,0.88661,4.0049,0.28896,0.85916,4.2849,3.0683,804.6942,735.8661,liquid
2.42,1977.9528,444.6836,0.88641,3.9961,0.28882,0.85627,4.2839,3.0691,804.3081,735.3425,liquid
2.43,1976.9977,444.4689,0.8862,3.9872,0.28868,0.85338,4.2829,3.0699,803.922,734.8198,liquid
2.44,1976.0423,444.2541,0.886,3.9784,0.28853,0.8505,4.2819,3.0707,803.536,734.2982,liquid
2.45,1975.0868,444.0393,0.88579,3.9695,0.28839,0.84761,4.2809,3.0715,803.1502,733.7775,liquid
2.46,1974.1311,443.8244,0.88558,3.9606,0.28825,0.84473,4.2799,3.0723,802.7644,733.2579,liquid
2.47,1973.1753,443.6095,0.88538,3.9518,0.28811,0.84185,4.2789,3.073,802.3787,732.7392,liquid
2.48,1972.2193,443.3946,0.88517,3.9429,0.28797,0.83897,4.2779,3.0738,801.993,732.2215,liquid
2.49,1971.2631,443.1797,0.88496,3.9341,0.28783,0.83609,4.2769,3.0746,801.6075,731.7048,liquid
2.5,1970.3068,442.9647,0.88476,3.9252,0.28769,0.83321,4.2759,3.0754,801.2221,731.1891,liquid
2.51,1969.3504,442.7496,0.88455,3.9164,0.28755,0.83034,4.2749,3.0762,800.8367,730.6744,liquid
2.52,1968.3938,442.5346,0.88434,3.9076,0.28741,0.82746,4.2739,3.077,800.4515,730.1606,liquid
2.53,1967.4371,442.3195,0.88414,3.8987,0.28726,0.82459,4.2729,3.0778,800.0663,729.6479,liquid
2.54,1966.4802,442.1044,0.88393,3.8899,0.28712,0.82172,4.2719,3.0786,799.6812,729.1361,liquid
2.55,1965.5233,441.8892,0.88372,3.881,0.28698,0.81885,4.2708,3.0794,799.2963,728.6252,liquid
2.56,1964.5662,441.674,0.88352,3.8722,0.28684,0.81598,4.2698,3.0801,798.9114,728.1153,liquid
2.57,1963.6089,441.4588,0.88331,3.8634,0.2867,0.81311,4.2688,3.0809,798.5266,727.6064,liquid
2.58,1962.6516,441.2436,0.8831,3.8545,0.28656,0.81025,4.2678,3.0817,798.1418,727.0984,liquid
2.59,1961.6942,441.0284,0.88289,3.8457,0.28642,0.80738,4.2668,3.0825,797.7572,726.5914,liquid
2.6,1960.7367,440.8131,0.88269,3.8369,0.28628,0.80452,4.2657,3.0833,797.3727,726.0854,liquid
2.61,1959.779,440.5978,0.88248,3.8281,0.28614,0.80166,4.2647,3.0841,796.9882,725.5803,liquid
2.62,1958.8213,440.3825,0.88227,3.8192,0.286,0.7988,4.2637,3.0849,796.6039,725.0762,liquid
2.63,1957.8634,440.1671,0.88206,3.8104,0.28586,0.79594,4.2627,3.0856,796.2196,724.573,liquid
2.64,1956.9055,439.9518,0.88186,3.8016,0.28572,0.79308,4.2617,3.0864,795.8355,724.0707,liquid
2.65,1955.9475,439.7364,0.88165,3.7928,0.28558,0.79023,4.2606,3.0872,795.4514,723.5694,liquid
2.66,1954.9894,439.521,0.88144,3.784,0.28544,0.78737,4.2596,3.088,795.0674,723.069,liquid
2.67,1954.0312,439.3056,0.88123,3.7752,0.2853,0.78452,4.2586,3.0888,794.6835,722.5696,liquid
2.68,1953.073,439.0901,0.88102,3.7663,0.28516,0.78167,4.2576,3.0895,794.2997,722.0711,liquid
2.69,1952.1147,438.8747,0.88081,3.7575,0.28502,0.77882,4.2565,3.0903,793.916,721.5735,liquid
2.7,1951.1563,438.6592,0.8806,3.7487,0.28488,0.77597,4.2555,3.0911,793.5324,721.0768,liquid
2.71,1950.1978,438.4438,0.8804,3.7399,0.28474,0.77312,4.2545,3.0919,793.1488,720.5811,liquid
2.72,1949.2393,438.2283,0.88019,3.7311,0.2846,0.77028,4.2534,3.0927,792.7654,720.0863,liquid
2.73,1948.2807,438.0127,0.87998,3.7223,0.28447,0.76743,4.2524,3.0934,792.382,719.5924,liquid
2.74,1947.3221,437.7972,0.87977,3.7135,0.28433,0.76459,4.2514,3.0942,791.9988,719.0995,liquid
2.75,1946.3634,437.5817,0.87956,3.7047,0.28419,0.76175,4.2503,3.095,791.6156,718.6074,liquid
2.76,1945.4046,437.3662,0.87935,3.6959,0.28405,0.75891,4.2493,3.0958,791.2325,718.1163,liquid
2.77,1944.4459,437.1506,0.87914,3.6871,0.28391,0.75607,4.2483,3.0965,790.8495,717.6261,liquid
2.78,1943.487,436.935,0.87893,3.6784,0.28377,0.75323,4.2472,3.0973,790.4666,717.1368,liquid
2.79,1942.5282,436.7195,0.87872,3.6696,0.28363,0.75039,4.2462,3.0981,790.0838,716.6484,liquid
2.8,1941.5693,436.5039,0.87851,3.6608,0.28349,0.74756,4.2451,3.0989,789.7011,716.1608,liquid
2.81,1940.6103,436.2883,0.8783,3.652,0.28336,0.74473,4.2441,3.0996,789.3185,715.6742,liquid
2.82,1939.6514,436.0727,0.87809,3.6432,0.28322,0.74189,4.2431,3.1004,788.936,715.1885,liquid
2.83,1938.6924,435.8571,0.87788,3.6344,0.28308,0.73906,4.242,3.1012,788.5535,714.7037,liquid
2.84,1937.7334,435.6415,0.87767,3.6257,0.28294,0.73623,4.241,3.1019,788.1712,714.2198,liquid
2.85,1936.7743,435.4259,0.87746,3.6169,0.2828,0.7334,4.2399,3.1027,787.7889,713.7368,liquid
2.86,1935.8152,435.2103,0.87725,3.6081,0.28267,0.73058,4.2389,3.1035,787.4068,713.2546,liquid
2.87,1934.8562,434.9946,0.87704,3.5993,0.28253,0.72775,4.2378,3.1042,787.0247,712.7734,liquid
2.88,1933.8971,434.779,0.87683,3.5906,0.28239,0.72493,4.2368,3.105,786.6427,712.293,liquid
2.89,1932.938,434.5634,0.87661,3.5818,0.28225,0.72211,4.2357,3.1058,786.2608,711.8135,liquid
2.9,1931.9789,434.3478,0.8764,3.573,0.28212,0.71929,4.2347,3.1065,785.879,711.3349,liquid
2.91,1931.0197,434.1321,0.87619,3.5643,0.28198,0.71647,4.2337,3.1073,785.4973,710.8571,liquid
2.92,1930.0606,433.9165,0.87598,3.5555,0.28184,0.71365,4.2326,3.1081,785.1157,710.3803,liquid
2.93,1929.1015,433.7009,0.87577,3.5468,0.2817,0.71083,4.2316,3.1088,784.7342,709.9043,liquid
2.94,1928.1424,433.4852,0.87556,3.538,0.28157,0.70801,4.2305,3.1096,784.3528,709.4291,liquid
2.95,1927.1833,433.2696,0.87535,3.5293,0.28143,0.7052,4.2294,3.1103,783.9714,708.9549,liquid
2.96,1926.2242,433.054,0.87513,3.5205,0.28129,0.70239,4.2284,3.1111,783.5902,708.4815,liquid
2.97,1925.2651,432.8384,0.87492,3.5118,0.28116,0.69958,4.2273,3.1119,783.2091,708.0089,liquid
2.98,1924.306,432.6227,0.87471,3.503,0.28102,0.69677,4.2263,3.1126,782.828,707.5373,liquid
2.99,1923.3469,432.4071,0.8745,3.4943,0.28089,0.69396,4.2252,3.1134,782.447,707.0664,liquid
3,1922.3878,432.1915,0.87429,3.4855,0.28075,0.69115,4.2242,3.1141,782.0662,706.5965,liquid
3.01,1921.4288,431.9759,0.87407,3.4768,0.28061,0.68834,4.2231,3.1149,781.6854,706.1274,liquid
3.02,1920.4698,431.7603,0.87386,3.468,0.28048,0.68554,4.2221,3.1156,781.3047,705.6591,liquid
3.03,1919.5108,431.5447,0.87365,3.4593,0.28034,0.68273,4.221,3.1164,780.9241,705.1917,liquid
3.04,1918.5518,431.3291,0.87343,3.4506,0.28021,0.67993,4.2199,3.1171,780.5436,704.7251,liquid
3.05,1917.5929,431.1135,0.87322,3.4418,0.28007,0.67713,4.2189,3.1179,780.1632,704.2593,liquid
3.06,1916.6339,430.8979,0.87301,3.4331,0.27993,0.67433,4.2178,3.1186,779.7829,703.7945,liquid
3.07,1915.6751,430.6823,0.8728,3.4244,0.2798,0.67153,4.2168,3.1194,779.4026,703.3304,liquid
3.08,1914.7162,430.4668,0.87258,3.4157,0.27966,0.66874,4.2157,3.1201,779.0225,702.8672,liquid
3.09,1913.7574,430.2512,0.87237,3.4069,0.27953,0.66594,4.2146,3.1209,778.6425,702.4048,liquid
3.1,1912.7986,430.0357,0.87216,3.3982,0.27939,0.66315,4.2136,3.1216,778.2625,701.9432,liquid
3.11,1911.8399,429.8201,0.87194,3.3895,0.27926,0.66036,4.2125,3.1223,777.8827,701.4825,liquid
3.12,1910.8812,429.6046,0.87173,3.3808,0.27912,0.65756,4.2114,3.1231,777.5029,701.0226,liquid
3.13,1909.9225,429.3891,0.87151,3.3721,0.27899,0.65478,4.2104,3.1238,777.1233,700.5635,liquid
3.14,1908.9639,429.1735,0.8713,3.3633,0.27886,0.65199,4.2093,3.1246,776.7437,700.1053,liquid
3.15,1908.0054,428.958,0.87109,3.3546,0.27872,0.6492,4.2082,3.1253,776.3642,699.6478,liquid
3.16,1907.0469,428.7426,0.87087,3.3459,0.27859,0.64641,4.2072,3.126,775.9848,699.1912,liquid
3.17,1906.0884,428.5271,0.87066,3.3372,0.27845,0.64363,4.2061,3.1268,775.6055,698.7354,liquid
3.18,1905.13,428.3116,0.87044,3.3285,0.27832,0.64085,4.205,3.1275,775.2263,698.2804,liquid
3.19,1904.1717,428.0962,0.87023,3.3198,0.27819,0.63806,4.204,3.1282,774.8472,697.8262,liquid
3.2,1903.2134,427.8807,0.87002,3.3111,0.27805,0.63528,4.2029,3.129,774.4682,697.3728,liquid
3.21,1902.2552,427.6653,0.8698,3.3024,0.27792,0.6325,4.2018,3.1297,774.0893,696.9203,liquid
3.22,1901.297,427.4499,0.86959,3.2937,0.27779,0.62973,4.2007,3.1304,773.7105,696.4685,liquid
3.23,1900.3389,427.2345,0.86937,3.285,0.27765,0.62695,4.1997,3.1311,773.3317,696.0175,liquid
3.24,1899.3808,427.0191,0.86916,3.2763,0.27752,0.62417,4.1986,3.1319,772.9531,695.5674,liquid
3.25,1898.4229,426.8037,0.86894,3.2676,0.27739,0.6214,4.1975,3.1326,772.5746,695.118,liquid
3.26,1897.465,426.5883,0.86873,3.259,0.27725,0.61863,4.1964,3.1333,772.1961,694.6694,liquid
3.27,1896.5071,426.373,0.86851,3.2503,0.27712,0.61586,4.1954,3.134,771.8178,694.2216,liquid
3.28,1895.5494,426.1577,0.86829,3.2416,0.27699,0.61309,4.1943,3.1348,771.4395,693.7746,liquid
3.29,1894.5917,425.9424,0.86808,3.2329,0.27686,0.61032,4.1932,3.1355,771.0613,693.3284,liquid
3.3,1893.634,425.7271,0.86786,3.2242,0.27672,0.60755,4.1921,3.1362,770.6833,692.883,liquid
3.31,1892.6765,425.5118,0.86765,3.2156,0.27659,0.60479,4.191,3.1369,770.3053,692.4384,liquid
3.32,1891.719,425.2965,0.86743,3.2069,0.27646,0.60202,4.19,3.1376,769.9274,691.9945,liquid
3.33,1890.7616,425.0813,0.86721,3.1982,0.27633,0.59926,4.1889,3.1383,769.5496,691.5515,liquid
3.34,1889.8043,424.8661,0.867,3.1895,0.2762,0.5965,4.1878,3.1391,769.1719,691.1092,liquid
3.35,1888.8471,424.6509,0.86678,3.1809,0.27607,0.59373,4.1867,3.1398,768.7943,690.6677,liquid
3.36,1887.8899,424.4357,0.86657,3.1722,0.27593,0.59098,4.1856,3.1405,768.4168,690.2269,liquid
3.37,1886.9329,424.2205,0.86635,3.1635,0.2758,0.58822,4.1846,3.1412,768.0394,689.7869,liquid
3.38,1885.9759,424.0054,0.86613,3.1549,0.27567,0.58546,4.1835,3.1419,767.662,689.3477,liquid
3.39,1885.019,423.7902,0.86592,3.1462,0.27554,0.58271,4.1824,3.1426,767.2848,688.9093,liquid
3.4,1884.0622,423.5751,0.8657,3.1376,0.27541,0.57995,4.1813,3.1433,766.9077,688.4716,liquid
3.41,1883.1055,423.3601,0.86548,3.1289,0.27528,0.5772,4.1802,3.144,766.5307,688.0347,liquid
3.42,1882.1489,423.145,0.86527,3.1203,0.27515,0.57445,4.1791,3.1447,766.1537,687.5986,liquid
3.43,1881.1924,422.9299,0.86505,3.1116,0.27502,0.5717,4.178,3.1454,765.7769,687.1632,liquid
3.44,1880.2359,422.7149,0.86483,3.103,0.27489,0.56895,4.177,3.1461,765.4001,686.7286,liquid
3.45,1879.2796,422.4999,0.86461,3.0943,0.27476,0.5662,4.1759,3.1468,765.0234,686.2947,liquid
3.46,1878.3234,422.2849,0.8644,3.0857,0.27463,0.56345,4.1748,3.1475,764.6469,685.8616,liquid
3.47,1877.3672,422.07,0.86418,3.077,0.2745,0.56071,4.1737,3.1482,764.2704,685.4292,liquid
3.48,1876.4112,421.855,0.86396,3.0684,0.27437,0.55797,4.1726,3.1489,763.894,684.9976,liquid
3.49,1875.4552,421.6401,0.86374,3.0597,0.27424,0.55522,4.1715,3.1496,763.5178,684.5667,liquid
3.5,1882.4785,423.2191,0.86352,3.0511,0.27411,0.55248,4.1882,3.1503,763.1416,684.1365,liquid
3.51,1889.3139,424.7558,0.86323,3.0425,0.2739,0.54974,4.2044,3.1517,762.7655,683.7073,liquid
3.52,1887.995,424.4593,0.86294,3.0339,0.27369,0.54701,4.2025,3.153,762.3896,683.2789,liquid
3.53,1886.6895,424.1658,0.86265,3.0252,0.27348,0.54427,4.2007,3.1543,762.0138,682.8514,liquid
3.54,1885.3851,423.8726,0.86236,3.0166,0.27328,0.54154,4.1988,3.1557,761.6381,682.4247,liquid
3.55,1884.0814,423.5794,0.86208,3.008,0.27307,0.53881,4.1969,3.157,761.2626,681.9988,liquid
3.56,1882.7776,423.2863,0.86179,2.9994,0.27286,0.53608,4.1951,3.1583,760.8871,681.5739,liquid
3.57,1881.4736,422.9932,0.8615,2.9907,0.27266,0.53335,4.1932,3.1597,760.5118,681.1498,liquid
3.58,1880.1693,422.6999,0.86121,2.9821,0.27245,0.53063,4.1913,3.161,760.1366,680.7265,liquid
3.59,1879.1326,422.4669,0.86103,2.9735,0.27236,0.5279,4.1901,3.1613,759.7616,680.3039,liquid
3.6,1878.222,422.2621,0.86079,2.9649,0.27221,0.52518,4.1891,3.1622,759.3866,679.882,liquid
3.61,1877.2418,422.0418,0.86058,2.9563,0.2721,0.52246,4.1879,3.1628,759.0117,679.4609,liquid
3.62,1876.2956,421.8291,0.86036,2.9477,0.27196,0.51974,4.1868,3.1635,758.6369,679.0404,liquid
3.63,1875.3309,421.6122,0.86014,2.9391,0.27184,0.51702,4.1857,3.1641,758.2621,678.6207,liquid
3.64,1874.3755,421.3974,0.85992,2.9305,0.27171,0.51431,4.1846,3.1648,757.8875,678.2017,liquid
3.65,1873.4153,421.1815,0.8597,2.9219,0.27159,0.51159,4.1835,3.1655,757.513,677.7834,liquid
3.66,1872.4576,420.9662,0.85948,2.9133,0.27146,0.50888,4.1824,3.1662,757.1386,677.3658,liquid
3.67,1871.4987,420.7506,0.85926,2.9047,0.27133,0.50616,4.1813,3.1668,756.7643,676.949,liquid
3.68,1870.5406,420.5352,0.85904,2.8961,0.27121,0.50345,4.1802,3.1675,756.39,676.5328,liquid
3.69,1869.5823,420.3198,0.85882,2.8875,0.27108,0.50074,4.1791,3.1681,756.0159,676.1173,liquid
3.7,1868.6242,420.1044,0.8586,2.879,0.27095,0.49803,4.178,3.1688,755.6418,675.7026,liquid
3.71,1867.6662,419.889,0.85838,2.8704,0.27083,0.49532,4.1769,3.1695,755.2679,675.2885,liquid
3.72,1866.7084,419.6737,0.85816,2.8618,0.2707,0.49261,4.1758,3.1701,754.8941,674.8752,liquid
3.73,1865.7507,419.4583,0.85794,2.8532,0.27058,0.48991,4.1747,3.1708,754.5203,674.4625,liquid
3.74,1864.7931,419.2431,0.85772,2.8446,0.27045,0.4872,4.1735,3.1714,754.1467,674.0505,liquid
3.75,1863.8356,419.0278,0.8575,2.8361,0.27033,0.4845,4.1724,3.1721,753.7731,673.6393,liquid
3.76,1862.8783,418.8126,0.85728,2.8275,0.2702,0.4818,4.1713,3.1727,753.3996,673.2287,liquid
3.77,1861.9211,418.5974,0.85706,2.8189,0.27008,0.4791,4.1702,3.1734,753.0263,672.8188,liquid
3.78,1860.9641,418.3822,0.85684,2.8103,0.26995,0.4764,4.1691,3.174,752.653,672.4096,liquid
3.79,1860.0071,418.1671,0.85661,2.8018,0.26983,0.4737,4.168,3.1747,752.2798,672.0011,liquid
3.8,1859.0503,417.952,0.85639,2.7932,0.2697,0.471,4.1669,3.1753,751.9067,671.5933,liquid
3.81,1858.0937,417.7369,0.85617,2.7847,0.26958,0.46831,4.1658,3.176,751.5338,671.1861,liquid
3.82,1857.1372,417.5218,0.85595,2.7761,0.26945,0.46561,4.1646,3.1766,751.1609,670.7796,liquid
3.83,1856.1808,417.3068,0.85573,2.7675,0.26933,0.46292,4.1635,3.1772,750.7881,670.3738,liquid
3.84,1855.2245,417.0918,0.85551,2.759,0.26921,0.46023,4.1624,3.1779,750.4154,669.9687,liquid
3.85,1854.2684,416.8769,0.85528,2.7504,0.26908,0.45754,4.1613,3.1785,750.0428,669.5643,liquid
3.86,1853.3124,416.662,0.85506,2.7419,0.26896,0.45485,4.1602,3.1791,749.6703,669.1605,liquid
3.87,1852.3566,416.4471,0.85484,2.7333,0.26884,0.45216,4.1591,3.1798,749.2979,668.7574,liquid
3.88,1851.4009,416.2322,0.85462,2.7248,0.26871,0.44947,4.1579,3.1804,748.9256,668.355,liquid
3.89,1850.4453,416.0174,0.8544,2.7162,0.26859,0.44679,4.1568,3.181,748.5534,667.9532,liquid
3.9,1849.4899,415.8026,0.85417,2.7077,0.26847,0.4441,4.1557,3.1817,748.1813,667.5522,liquid
3.91,1848.5346,415.5878,0.85395,2.6992,0.26834,0.44142,4.1546,3.1823,747.8093,667.1517,liquid
3.92,1847.5795,415.3731,0.85373,2.6906,0.26822,0.43874,4.1535,3.1829,747.4373,666.752,liquid
3.93,1846.6245,415.1584,0.85351,2.6821,0.2681,0.43605,4.1523,3.1835,747.0655,666.3529,liquid
3.94,1845.6697,414.9437,0.85328,2.6736,0.26798,0.43337,4.1512,3.1842,746.6938,665.9544,liquid
3.95,1844.715,414.7291,0.85306,2.665,0.26786,0.4307,4.1501,3.1848,746.3222,665.5566,liquid
3.96,1843.7604,414.5145,0.85284,2.6565,0.26773,0.42802,4.149,3.1854,745.9506,665.1595,liquid
3.97,1842.806,414.2999,0.85261,2.648,0.26761,0.42534,4.1479,3.186,745.5792,664.763,liquid
3.98,1841.8517,414.0854,0.85239,2.6394,0.26749,0.42267,4.1467,3.1866,745.2079,664.3672,liquid
3.99,1840.8976,413.8709,0.85217,2.6309,0.26737,0.41999,4.1456,3.1872,744.8366,663.972,liquid
4,1839.9437,413.6564,0.85194,2.6224,0.26725,0.41732,4.1445,3.1878,744.4655,663.5775,liquid
4.01,1838.9898,413.442,0.85172,2.6139,0.26713,0.41465,4.1434,3.1885,744.0945,663.1836,liquid
4.02,1838.0362,413.2276,0.8515,2.6054,0.26701,0.41198,4.1422,3.1891,743.7235,662.7904,liquid
4.03,1837.0827,413.0132,0.85127,2.5969,0.26689,0.40931,4.1411,3.1897,743.3527,662.3978,liquid
4.04,1836.1293,412.7988,0.85105,2.5884,0.26676,0.40664,4.14,3.1903,742.9819,662.0058,liquid
4.05,1835.1761,412.5845,0.85083,2.5798,0.26664,0.40398,4.1389,3.1909,742.6113,661.6145,liquid
4.06,1834.223,412.3703,0.8506,2.5713,0.26652,0.40131,4.1377,3.1915,742.2407,661.2239,liquid
4.07,1833.2701,412.156,0.85038,2.5628,0.2664,0.39865,4.1366,3.1921,741.8703,660.8338,liquid
4.08,1832.3173,411.9418,0.85015,2.5543,0.26628,0.39599,4.1355,3.1927,741.4999,660.4444,liquid
4.09,1831.3647,411.7277,0.84993,2.5458,0.26616,0.39332,4.1343,3.1933,741.1296,660.0557,liquid
4.1,1830.4123,411.5135,0.8497,2.5373,0.26604,0.39066,4.1332,3.1938,740.7595,659.6675,liquid
4.11,1829.46,411.2994,0.84948,2.5288,0.26592,0.388,4.1321,3.1944,740.3894,659.28,liquid
4.12,1828.5078,411.0854,0.84925,2.5203,0.26581,0.38535,4.1309,3.195,740.0194,658.8932,liquid
4.13,1827.5558,410.8714,0.84903,2.5119,0.26569,0.38269,4.1298,3.1956,739.6496,658.5069,liquid
4.14,1826.604,410.6574,0.8488,2.5034,0.26557,0.38003,4.1287,3.1962,739.2798,658.1213,liquid
4.15,1825.6523,410.4434,0.84858,2.4949,0.26545,0.37738,4.1276,3.1968,738.9101,657.7363,liquid
4.16,1824.7008,410.2295,0.84835,2.4864,0.26533,0.37473,4.1264,3.1974,738.5405,657.3519,liquid
4.17,1823.7494,410.0156,0.84813,2.4779,0.26521,0.37207,4.1253,3.1979,738.1711,656.9682,liquid
4.18,1822.7982,409.8018,0.8479,2.4694,0.26509,0.36942,4.1241,3.1985,737.8017,656.585,liquid
4.19,1821.8471,409.5879,0.84768,2.461,0.26497,0.36677,4.123,3.1991,737.4324,656.2025,liquid
4.2,1820.8963,409.3742,0.84745,2.4525,0.26486,0.36412,4.1219,3.1997,737.0632,655.8206,liquid
4.21,1819.9455,409.1604,0.84723,2.444,0.26474,0.36148,4.1207,3.2002,736.6941,655.4393,liquid
4.22,1818.995,408.9467,0.847,2.4355,0.26462,0.35883,4.1196,3.2008,736.3252,655.0586,liquid
4.23,1818.0445,408.733,0.84678,2.4271,0.2645,0.35619,4.1185,3.2014,735.9563,654.6786,liquid
4.24,1817.0943,408.5194,0.84655,2.4186,0.26439,0.35354,4.1173,3.2019,735.5875,654.2991,liquid
4.25,1816.1442,408.3058,0.84632,2.4101,0.26427,0.3509,4.1162,3.2025,735.2188,653.9203,liquid
4.26,1815.1943,408.0922,0.8461,2.4017,0.26415,0.34826,4.1151,3.2031,734.8502,653.542,liquid
4.27,1814.2445,407.8787,0.84587,2.3932,0.26403,0.34562,4.1139,3.2036,734.4817,653.1644,liquid
4.28,1813.2949,407.6652,0.84564,2.3848,0.26392,0.34298,4.1128,3.2042,734.1133,652.7874,liquid
4.29,1812.3454,407.4518,0.84542,2.3763,0.2638,0.34034,4.1116,3.2048,733.745,652.4109,liquid
4.3,1811.3962,407.2383,0.84519,2.3679,0.26368,0.3377,4.1105,3.2053,733.3768,652.0351,liquid
4.31,1810.447,407.025,0.84496,2.3594,0.26357,0.33507,4.1094,3.2059,733.0087,651.6598,liquid
4.32,1809.4981,406.8116,0.84474,2.351,0.26345,0.33243,4.1082,3.2064,732.6407,651.2852,liquid
4.33,1808.5493,406.5983,0.84451,2.3425,0.26334,0.3298,4.1071,3.207,732.2728,650.9112,liquid
4.34,1807.6007,406.385,0.84428,2.3341,0.26322,0.32717,4.1059,3.2075,731.905,650.5377,liquid
4.35,1806.6522,406.1718,0.84406,2.3256,0.26311,0.32454,4.1048,3.2081,731.5373,650.1649,liquid
4.36,1805.7039,405.9586,0.84383,2.3172,0.26299,0.32191,4.1036,3.2086,731.1697,649.7926,liquid
4.37,1804.7558,405.7455,0.8436,2.3088,0.26287,0.31928,4.1025,3.2091,730.8022,649.4209,liquid
4.38,1803.8078,405.5323,0.84338,2.3003,0.26276,0.31665,4.1014,3.2097,730.4348,649.0498,liquid
4.39,1802.86,405.3192,0.84315,2.2919,0.26264,0.31402,4.1002,3.2102,730.0675,648.6793,liquid
4.4,1801.9124,405.1062,0.84292,2.2835,0.26253,0.3114,4.0991,3.2108,729.7003,648.3094,liquid
4.41,1800.9649,404.8932,0.84269,2.275,0.26241,0.30877,4.0979,3.2113,729.3332,647.94,liquid
4.42,1800.0176,404.6802,0.84246,2.2666,0.2623,0.30615,4.0968,3.2118,728.9662,647.5713,liquid
4.43,1799.0705,404.4673,0.84224,2.2582,0.26219,0.30353,4.0956,3.2124,728.5992,647.2031,liquid
4.44,1798.1235,404.2544,0.84201,2.2498,0.26207,0.30091,4.0945,3.2129,728.2324,646.8355,liquid
4.45,1797.1767,404.0415,0.84178,2.2414,0.26196,0.29829,4.0933,3.2134,727.8657,646.4685,liquid
4.46,1796.2301,403.8287,0.84155,2.2329,0.26184,0.29567,4.0922,3.2139,727.4991,646.102,liquid
4.47,1795.2836,403.6159,0.84132,2.2245,0.26173,0.29305,4.091,3.2145,727.1326,645.7362,liquid
4.48,1794.3374,403.4032,0.8411,2.2161,0.26162,0.29044,4.0899,3.215,726.7662,645.3709,liquid
4.49,1793.3912,403.1905,0.84087,2.2077,0.2615,0.28782,4.0887,3.2155,726.3999,645.0061,liquid
4.5,1792.4453,402.9778,0.84064,2.1993,0.26139,0.28521,4.0876,3.216,726.0337,644.642,liquid
4.51,1791.4995,402.7652,0.84041,2.1909,0.26128,0.2826,4.0864,3.2165,725.6675,644.2784,liquid
4.52,1790.5539,402.5526,0.84018,2.1825,0.26116,0.27998,4.0853,3.2171,725.3015,643.9154,liquid
4.53,1789.6084,402.34,0.83995,2.1741,0.26105,0.27737,4.0841,3.2176,724.9356,643.5529,liquid
4.54,1788.6632,402.1275,0.83972,2.1657,0.26094,0.27476,4.083,3.2181,724.5698,643.191,liquid
4.55,1787.7181,401.915,0.83949,2.1573,0.26083,0.27216,4.0818,3.2186,724.2041,642.8297,liquid
4.56,1786.7732,401.7026,0.83926,2.1489,0.26071,0.26955,4.0807,3.2191,723.8385,642.4689,liquid
4.57,1785.8284,401.4902,0.83904,2.1405,0.2606,0.26694,4.0795,3.2196,723.4729,642.1087,liquid
4.58,1784.8838,401.2778,0.83881,2.1321,0.26049,0.26434,4.0784,3.2201,723.1075,641.749,liquid
4.59,1783.9394,401.0655,0.83858,2.1238,0.26038,0.26173,4.0772,3.2206,722.7422,641.3899,liquid
4.6,1782.9952,400.8532,0.83835,2.1154,0.26027,0.25913,4.0761,3.2211,722.377,641.0314,liquid
4.61,1782.0511,400.641,0.83812,2.107,0.26016,0.25653,4.0749,3.2216,722.0119,640.6734,liquid
4.62,1781.1072,400.4288,0.83789,2.0986,0.26004,0.25393,4.0738,3.2221,721.6469,640.316,liquid
4.63,1780.1635,400.2166,0.83766,2.0902,0.25993,0.25133,4.0726,3.2226,721.282,639.9591,liquid
4.64,1779.2199,400.0045,0.83743,2.0819,0.25982,0.24873,4.0714,3.2231,720.9171,639.6028,liquid
4.65,1778.2766,399.7924,0.8372,2.0735,0.25971,0.24613,4.0703,3.2236,720.5524,639.247,liquid
4.66,1777.3334,399.5803,0.83697,2.0651,0.2596,0.24354,4.0691,3.2241,720.1878,638.8917,liquid
4.67,1776.3903,399.3683,0.83674,2.0567,0.25949,0.24094,4.068,3.2245,719.8233,638.537,liquid
4.68,1775.4475,399.1564,0.83651,2.0484,0.25938,0.23835,4.0668,3.225,719.4589,638.1829,liquid
4.69,1774.5048,398.9444,0.83628,2.04,0.25927,0.23576,4.0656,3.2255,719.0946,637.8293,liquid
4.7,1773.5623,398.7325,0.83604,2.0317,0.25916,0.23317,4.0645,3.226,718.7303,637.4762,liquid
4.71,1772.6199,398.5207,0.83581,2.0233,0.25905,0.23057,4.0633,3.2265,718.3662,637.1237,liquid
4.72,1771.6778,398.3089,0.83558,2.0149,0.25894,0.22799,4.0622,3.2269,718.0022,636.7717,liquid
4.73,1770.7358,398.0971,0.83535,2.0066,0.25883,0.2254,4.061,3.2274,717.6383,636.4202,liquid
4.74,1769.794,397.8853,0.83512,1.9982,0.25872,0.22281,4.0598,3.2279,717.2745,636.0693,liquid
4.75,1768.8524,397.6736,0.83489,1.9899,0.25861,0.22022,4.0587,3.2283,716.9108,635.719,liquid
4.76,1767.9109,397.462,0.83466,1.9815,0.2585,0.21764,4.0575,3.2288,716.5472,635.3691,liquid
4.77,1766.9696,397.2504,0.83443,1.9732,0.25839,0.21505,4.0564,3.2293,716.1837,635.0198,liquid
4.78,1766.0285,397.0388,0.8342,1.9649,0.25829,0.21247,4.0552,3.2297,715.8203,634.671,liquid
4.79,1765.0876,396.8272,0.83397,1.9565,0.25818,0.20989,4.054,3.2302,715.457,634.3228,liquid
4.8,1764.1468,396.6157,0.83373,1.9482,0.25807,0.20731,4.0529,3.2307,715.0938,633.975,liquid
4.81,1763.2063,396.4043,0.8335,1.9398,0.25796,0.20473,4.0517,3.2311,714.7306,633.6278,liquid
4.82,1762.2659,396.1929,0.83327,1.9315,0.25785,0.20215,4.0505,3.2316,714.3676,633.2812,liquid
4.83,1761.3256,395.9815,0.83304,1.9232,0.25774,0.19957,4.0494,3.232,714.0047,632.935,liquid
4.84,1760.3856,395.7701,0.83281,1.9149,0.25764,0.197,4.0482,3.2325,713.6419,632.5894,liquid
4.85,1759.4457,395.5588,0.83257,1.9065,0.25753,0.19442,4.047,3.2329,713.2792,632.2443,liquid
4.86,1758.506,395.3476,0.83234,1.8982,0.25742,0.19185,4.0459,3.2334,712.9166,631.8997,liquid
4.87,1757.5665,395.1364,0.83211,1.8899,0.25731,0.18927,4.0447,3.2338,712.5541,631.5556,liquid
4.88,1756.6272,394.9252,0.83188,1.8816,0.25721,0.1867,4.0435,3.2343,712.1917,631.2121,liquid
4.89,1755.688,394.714,0.83164,1.8733,0.2571,0.18413,4.0424,3.2347,711.8294,630.869,liquid
4.9,1754.749,394.5029,0.83141,1.8649,0.25699,0.18156,4.0412,3.2351,711.4672,630.5265,liquid
4.91,1753.8102,394.2919,0.83118,1.8566,0.25689,0.17899,4.04,3.2356,711.1052,630.1845,liquid
4.92,1752.8716,394.0808,0.83095,1.8483,0.25678,0.17643,4.0388,3.236,710.7432,629.843,liquid
4.93,1751.9331,393.8699,0.83071,1.84,0.25667,0.17386,4.0377,3.2364,710.3813,629.502,liquid
4.94,1750.9949,393.6589,0.83048,1.8317,0.25657,0.17129,4.0365,3.2369,710.0195,629.1615,liquid
4.95,1750.0568,393.448,0.83025,1.8234,0.25646,0.16873,4.0353,3.2373,709.6578,628.8216,liquid
4.96,1749.1188,393.2371,0.83002,1.8151,0.25636,0.16616,4.0342,3.2377,709.2962,628.4821,liquid
4.97,1748.1811,393.0263,0.82978,1.8068,0.25625,0.1636,4.033,3.2382,708.9347,628.1432,liquid
4.98,1747.2435,392.8155,0.82955,1.7985,0.25615,0.16104,4.0318,3.2386,708.5733,627.8047,liquid
4.99,1746.3062,392.6048,0.82932,1.7902,0.25604,0.15848,4.0306,3.239,708.2121,627.4668,liquid
5,1745.369,392.3941,0.82908,1.7819,0.25594,0.15592,4.0295,3.2394,707.8509,627.1293,liquid
5.01,1744.4319,392.1834,0.82885,1.7736,0.25583,0.15336,4.0283,3.2398,707.4898,626.7924,liquid
5.02,1743.4951,391.9728,0.82861,1.7653,0.25573,0.15081,4.0271,3.2402,707.1288,626.456,liquid
5.03,1742.5584,391.7622,0.82838,1.7571,0.25562,0.14825,4.0259,3.2407,706.7679,626.12,liquid
5.04,1741.6219,391.5517,0.82815,1.7488,0.25552,0.14569,4.0248,3.2411,706.4072,625.7846,liquid
5.05,1740.6856,391.3412,0.82791,1.7405,0.25541,0.14314,4.0236,3.2415,706.0465,625.4496,liquid
5.06,1739.7495,391.1307,0.82768,1.7322,0.25531,0.14059,4.0224,3.2419,705.6859,625.1152,liquid
5.07,1738.8135,390.9203,0.82744,1.724,0.2552,0.13803,4.0212,3.2423,705.3255,624.7812,liquid
5.08,1737.8777,390.7099,0.82721,1.7157,0.2551,0.13548,4.0201,3.2427,704.9651,624.4477,liquid
5.09,1736.9421,390.4996,0.82698,1.7074,0.255,0.13293,4.0189,3.2431,704.6048,624.1148,liquid
5.1,1736.0067,390.2893,0.82674,1.6991,0.25489,0.13038,4.0177,3.2435,704.2447,623.7823,liquid
5.11,1735.0715,390.079,0.82651,1.6909,0.25479,0.12784,4.0165,3.2439,703.8846,623.4503,liquid
5.12,1734.1364,389.8688,0.82627,1.6826,0.25469,0.12529,4.0153,3.2443,703.5247,623.1188,liquid
5.13,1733.2016,389.6586,0.82604,1.6744,0.25458,0.12274,4.0142,3.2447,703.1648,622.7878,liquid
5.14,1732.2669,389.4485,0.8258,1.6661,0.25448,0.1202,4.013,3.2451,702.8051,622.4572,liquid
5.15,1731.3323,389.2384,0.82557,1.6578,0.25438,0.11766,4.0118,3.2455,702.4454,622.1272,liquid
5.16,1730.398,389.0283,0.82533,1.6496,0.25427,0.11511,4.0106,3.2458,702.0859,621.7976,liquid
5.17,1729.4638,388.8183,0.8251,1.6413,0.25417,0.11257,4.0094,3.2462,701.7264,621.4685,liquid
5.18,1728.5299,388.6083,0.82486,1.6331,0.25407,0.11003,4.0082,3.2466,701.3671,621.1399,liquid
5.19,1727.5961,388.3984,0.82463,1.6248,0.25397,0.10749,4.0071,3.247,701.0078,620.8118,liquid
5.2,1726.6624,388.1885,0.82439,1.6166,0.25387,0.10495,4.0059,3.2474,700.6487,620.4841,liquid
5.21,1725.729,387.9786,0.82416,1.6084,0.25376,0.10241,4.0047,3.2477,700.2897,620.1569,liquid
5.22,1724.7957,387.7688,0.82392,1.6001,0.25366,0.099878,4.0035,3.2481,699.9307,619.8302,liquid
5.23,1723.8626,387.559,0.82368,1.5919,0.25356,0.097342,4.0023,3.2485,699.5719,619.504,liquid
5.24,1722.9297,387.3493,0.82345,1.5836,0.25346,0.094808,4.0011,3.2488,699.2132,619.1782,liquid
5.25,1721.997,387.1396,0.82321,1.5754,0.25336,0.092274,4,3.2492,698.8546,618.853,liquid
5.26,1721.0645,386.93,0.82298,1.5672,0.25326,0.089742,3.9988,3.2496,698.496,618.5282,liquid
5.27,1720.1321,386.7203,0.82274,1.559,0.25316,0.08721,3.9976,3.2499,698.1376,618.2038,liquid
5.28,1726.645,388.1846,0.82251,1.5507,0.25305,0.08468,4.0137,3.2503,697.7793,617.88,liquid
5.29,1732.9433,389.6006,0.82218,1.5425,0.25286,0.082151,4.0293,3.2515,697.4211,617.5567,liquid
5.3,1731.5974,389.298,0.82187,1.5343,0.25268,0.079624,4.0272,3.2526,697.0631,617.234,liquid
5.31,1730.2678,388.9991,0.82155,1.5261,0.25249,0.077099,4.0251,3.2538,696.7052,616.9118,liquid
5.32,1728.9397,388.7005,0.82123,1.5179,0.25231,0.074576,4.023,3.2549,696.3474,616.5903,liquid
5.33,1727.6125,388.4021,0.82092,1.5097,0.25212,0.072055,4.0209,3.2561,695.9898,616.2693,liquid
5.34,1726.2855,388.1038,0.8206,1.5014,0.25193,0.069536,4.0188,3.2572,695.6323,615.9488,liquid
5.35,1724.9584,387.8054,0.82028,1.4932,0.25175,0.067018,4.0167,3.2583,695.275,615.629,liquid
5.36,1723.8177,387.549,0.82004,1.485,0.25165,0.064502,4.015,3.2587,694.9178,615.3096,liquid
5.37,1722.8842,387.3391,0.81981,1.4768,0.25155,0.061986,4.0138,3.259,694.5606,614.9907,liquid
5.38,1721.9564,387.1305,0.81957,1.4687,0.25145,0.059472,4.0126,3.2594,694.2036,614.6722,liquid
5.39,1721.0216,386.9203,0.81933,1.4605,0.25135,0.056958,4.0114,3.2597,693.8466,614.3542,liquid
5.4,1720.0894,386.7108,0.8191,1.4523,0.25125,0.054446,4.0102,3.2601,693.4898,614.0366,liquid
5.41,1719.1551,386.5007,0.81886,1.4441,0.25115,0.051934,4.009,3.2604,693.1331,613.7195,liquid
5.42,1718.2219,386.2909,0.81862,1.4359,0.25106,0.049424,4.0078,3.2607,692.7765,613.4028,liquid
5.43,1717.2882,386.081,0.81838,1.4277,0.25096,0.046914,4.0066,3.261,692.4199,613.0866,liquid
5.44,1716.355,385.8712,0.81815,1.4195,0.25086,0.044405,4.0054,3.2614,692.0635,612.7708,liquid
5.45,1715.4217,385.6613,0.81791,1.4113,0.25076,0.041898,4.0042,3.2617,691.7072,612.4555,liquid
5.46,1714.4887,385.4516,0.81767,1.4032,0.25066,0.039391,4.003,3.262,691.351,612.1406,liquid
5.47,1713.5558,385.2419,0.81743,1.395,0.25057,0.036885,4.0018,3.2623,690.9949,611.8262,liquid
5.48,1712.6231,385.0322,0.8172,1.3868,0.25047,0.034381,4.0006,3.2627,690.6389,611.5122,liquid
5.49,1711.6906,384.8225,0.81696,1.3787,0.25037,0.031877,3.9994,3.263,690.283,611.1987,liquid
5.5,1710.7583,384.6129,0.81672,1.3705,0.25028,0.029374,3.9982,3.2633,689.9272,610.8856,liquid
5.51,1709.8262,384.4034,0.81648,1.3623,0.25018,0.026873,3.997,3.2636,689.5715,610.5729,liquid
5.52,1708.8942,384.1938,0.81624,1.3542,0.25008,0.024372,3.9958,3.2639,689.2159,610.2607,liquid
5.53,1707.9625,383.9844,0.816,1.346,0.24999,0.021872,3.9946,3.2642,688.8604,609.9489,liquid
5.54,1707.0309,383.7749,0.81577,1.3378,0.24989,0.019373,3.9934,3.2645,688.5051,609.6376,liquid
5.55,1706.0995,383.5655,0.81553,1.3297,0.24979,0.016875,3.9922,3.2648,688.1498,609.3267,liquid
5.56,1705.1682,383.3562,0.81529,1.3215,0.2497,0.014378,3.991,3.2651,687.7946,609.0162,liquid
5.57,1704.2372,383.1468,0.81505,1.3134,0.2496,0.011882,3.9898,3.2654,687.4396,608.7062,liquid
5.58,1703.3063,382.9376,0.81481,1.3052,0.24951,0.009387,3.9886,3.2657,687.0846,608.3966,liquid
5.59,1702.3756,382.7283,0.81457,1.2971,0.24941,0.0068929,3.9874,3.266,686.7297,608.0874,liquid
5.6,1701.4451,382.5191,0.81433,1.2889,0.24931,0.0043997,3.9862,3.2663,686.375,607.7787,liquid
5.61,1044.8609,234.9058,0.38541,1.2851,0.24922,0.0019075,2.4483,1.5465,680.9059,607.4704,vapor
5.62,0,0,0.45179,1.2806,0.36211,0,0,0,675.4804,0,vapor
